{"model":{"version":3,"nodes":[{"name":"RootNode","position":[0,0,0],"rotation":[0,0,0],"scale":[0.0254,0.0254,0.0254],"scaleCompensation":false},{"name":"GeoSphere001","position":[-0.29497,0,-0.226082],"rotation":[-90,-0,0],"scale":[1,1,1],"scaleCompensation":false}],"parents":[-1,0],"skins":[],"morphs":[],"vertices":[{"position":{"type":"float32","components":3,"data":[0,0,19.685,5.37926,0,18.9358,1.66228,5.11598,18.9358,10.349,0,16.7451,7.12211,5.17452,17.6068,3.19803,9.84252,16.7451,14.531,0,13.2797,12.1627,5.21017,14.5748,8.71364,9.95738,14.5748,4.49033,13.8198,13.2797,17.6068,0,8.80342,16.1933,5.11598,9.95514,13.5471,9.84252,10.349,9.86959,13.8198,9.95514,5.44081,16.7451,8.80342,0,0,19.685,-4.35191,3.16185,18.9358,-2.72041,8.37255,17.6068,-8.37255,6.08301,16.7451,-1.19669,13.1774,14.5748,-6.77737,11.3642,14.5748,-11.7558,8.54111,13.2797,0.138413,16.9817,9.95514,-5.17452,15.9255,10.349,-10.0936,13.6571,9.95514,-14.2442,10.349,8.80342,0,0,19.685,-4.35191,3.16185,18.9358,-4.35191,-3.16185,18.9358,-8.37255,6.08301,16.7451,-8.80342,-1.21687e-06,17.6068,-8.37255,-6.08301,16.7451,-12.9023,2.93394,14.5748,-12.9023,2.93394,14.5748,-12.9023,-2.93394,14.5748,-11.7558,-8.54111,13.2797,-16.1077,5.37926,9.95514,-16.1077,5.37926,9.95514,-16.7451,-2.13248e-06,10.349,-16.1077,-5.37926,9.95514,-14.2442,-10.349,8.80342,0,0,19.685,1.66228,-5.11598,18.9358,-2.7204,-8.37255,17.6068,3.19803,-9.84252,16.7451,-6.77736,-11.3642,14.5748,-1.19668,-13.1774,14.5748,4.49033,-13.8198,13.2797,-10.0935,-13.6571,9.95514,-5.17452,-15.9255,10.349,0.138416,-16.9817,9.95514,5.44081,-16.7451,8.80342,0,0,19.685,7.12211,-5.17452,17.6068,8.71364,-9.95738,14.5748,12.1627,-5.21017,14.5748,9.86959,-13.8198,9.95514,13.5471,-9.84252,10.349,16.1933,-5.11598,9.95514,18.8829,-3.16185,4.57587,18.8829,3.16185,4.57587,18.7216,-6.08301,0,19.685,-4.05622e-07,0,18.7216,6.08301,0,17.1351,-8.54111,-4.57587,18.8061,-2.93394,-5.02212,18.8061,2.93394,-5.02212,17.1351,8.54111,-4.57587,14.2442,-10.349,-8.80342,16.1077,-5.37926,-9.95514,16.7451,-5.3312e-07,-10.349,16.1077,5.37926,-9.95514,14.2442,10.349,-8.80342,8.84224,16.9817,4.57587,2.82804,18.9358,4.57587,11.5706,15.9255,0,6.08301,18.7216,0,-7.9968e-07,19.685,0,13.4181,13.6571,-4.57587,8.60176,16.9791,-5.02212,3.02108,18.7923,-5.02212,-2.82805,18.9358,-4.57587,10.0935,13.6571,-9.95514,5.17452,15.9255,-10.349,-0.138415,16.9817,-9.95514,-5.44081,16.7451,-8.80342,-13.4181,13.6571,4.57587,-17.1351,8.54111,4.57587,-11.5706,15.9255,0,-15.9255,11.5706,0,-18.7216,6.08301,0,-8.84225,16.9817,-4.57587,-13.49,13.4276,-5.02212,-16.939,8.68037,-5.02212,-18.8829,3.16185,-4.57587,-9.86959,13.8198,-9.95514,-13.5471,9.84252,-10.349,-16.1933,5.11598,-9.95514,-18.8829,3.16185,-4.57587,-16.1933,5.11598,-9.95514,-17.6068,-1.53924e-06,-8.80342,-17.1351,-8.54112,4.57587,-13.4181,-13.6571,4.57587,-18.7216,-6.08301,0,-15.9255,-11.5706,0,-11.5706,-15.9255,0,-18.8829,-3.16185,-4.57587,-16.939,-8.68037,-5.02212,-13.49,-13.4276,-5.02212,-8.84224,-16.9817,-4.57587,-16.1933,-5.11598,-9.95514,-13.5471,-9.84252,-10.349,-9.86959,-13.8198,-9.95514,-5.4408,-16.7451,-8.80342,2.82805,-18.9358,4.57587,8.84224,-16.9817,4.57587,4.79808e-06,-19.685,0,6.08301,-18.7216,0,11.5706,-15.9255,0,-2.82804,-18.9358,-4.57587,3.02108,-18.7923,-5.02212,8.60176,-16.9791,-5.02212,13.4181,-13.6571,-4.57587,-0.138409,-16.9817,-9.95514,5.17452,-15.9255,-10.349,10.0936,-13.6571,-9.95514,15.9255,11.5706,0,13.49,13.4276,5.02212,16.939,8.68037,5.02212,-6.08301,18.7216,0,-8.60176,16.9791,5.02212,-3.02108,18.7923,5.02212,-19.685,-2.23092e-06,0,-18.7216,6.08301,0,-18.8061,-2.93394,5.02212,-18.8061,2.93394,5.02212,-18.8061,2.93394,5.02212,-6.08301,-18.7216,0,-3.02107,-18.7923,5.02212,-8.60176,-16.9791,5.02212,15.9255,-11.5706,0,16.939,-8.68037,5.02212,13.49,-13.4276,5.02212,0,0,-19.685,-1.66228,5.11598,-18.9358,4.35191,3.16185,-18.9358,-3.19803,9.84252,-16.7451,2.72041,8.37255,-17.6068,8.37255,6.08301,-16.7451,-4.49033,13.8198,-13.2797,1.19668,13.1774,-14.5748,6.77737,11.3642,-14.5748,11.7558,8.54111,-13.2797,0,0,-19.685,-5.37926,-4.7027e-07,-18.9358,-1.66228,5.11598,-18.9358,-10.349,-9.04742e-07,-16.7451,-7.12211,5.17452,-17.6068,-7.12211,5.17452,-17.6068,-14.531,-1.27034e-06,-13.2797,-12.1627,5.21017,-14.5748,-12.1627,5.21017,-14.5748,-8.71364,9.95738,-14.5748,0,0,-19.685,-1.66228,-5.11598,-18.9358,-3.19802,-9.84252,-16.7451,-7.12211,-5.17452,-17.6068,-4.49032,-13.8198,-13.2797,-8.71364,-9.95738,-14.5748,-12.1627,-5.21017,-14.5748,0,0,-19.685,4.35191,-3.16185,-18.9358,8.37255,-6.08301,-16.7451,2.72041,-8.37255,-17.6068,11.7558,-8.54111,-13.2797,6.77737,-11.3642,-14.5748,1.19669,-13.1774,-14.5748,0,0,-19.685,8.80342,-4.05622e-07,-17.6068,12.9023,2.93394,-14.5748,12.9023,-2.93394,-14.5748]},"normal":{"type":"float32","components":3,